[{
  "_id": {
    "$oid": "61f88efb0af3cb1780999e25"
  },
  "name": "aa",
  "phone": "22222222222",
  "productID": 6,
  "stock": 3
},{
  "_id": {
    "$oid": "61f88ffc0af3cb1780999e26"
  },
  "name": "aa",
  "phone": "22222222222",
  "productID": 6,
  "stock": 3
},{
  "_id": {
    "$oid": "61f8939fb17185c8b7365351"
  },
  "name": "Arya",
  "phone": "55555555555555",
  "productID": 0,
  "stock": 23
},{
  "_id": {
    "$oid": "61f8939fb17185c8b7365352"
  },
  "name": "Arya",
  "phone": "55555555555555",
  "productID": 4,
  "stock": 7
},{
  "_id": {
    "$oid": "61f894bdb17185c8b7365353"
  },
  "name": "rrr",
  "phone": "3333333333333",
  "productID": 3,
  "stock": 101
},{
  "_id": {
    "$oid": "61f895dcb17185c8b7365354"
  },
  "name": "tttttttttttt",
  "phone": "3333333333333333",
  "productID": 5,
  "stock": 1
},{
  "_id": {
    "$oid": "61f89949c128be9b534e9f48"
  },
  "name": "dddd",
  "phone": "66666666666",
  "productID": "61f8992cf5f817b84c9bb06b",
  "stock": 2
},{
  "_id": {
    "$oid": "61f968b8d4bd1dba3ecda10a"
  },
  "name": "aa",
  "phone": "22222222222",
  "productID": 6,
  "stock": 3
}]